BRANDS,YouTube
Apple,https://www.youtube.com/@Apple
Google,https://www.youtube.com/@Google
Microsoft,https://www.youtube.com/@Microsoft
Amazon,https://www.youtube.com/@amazon
Facebook,https://www.youtube.com/@facebookapp
Coca-Cola,https://www.youtube.com/@Coca-Cola
Disney,https://www.youtube.com/@disneychannel
Samsung,https://www.youtube.com/@Samsung
Louis Vuitton,https://www.youtube.com/@louisvuitton
McDonald's,https://www.youtube.com/@McDonalds
Toyota,https://www.youtube.com/user/ToyotaUSA
Intel,https://www.youtube.com/user/channelintel
NIKE,https://www.youtube.com/user/nike
AT&T,https://www.youtube.com/user/att
Cisco,https://www.youtube.com/user/cisco
Oracle,https://www.youtube.com/user/Oracle
Verizon,https://www.youtube.com/user/verizon
Visa,https://www.youtube.com/user/visacorporate
Walmart,https://www.youtube.com/user/Walmart
GE,https://www.youtube.com/user/GeneralElectric
Budweiser,https://www.youtube.com/user/Budweiser
SAP,https://www.youtube.com/user/SAP
Mercedes-Benz,https://www.youtube.com/user/mercedesbenz
IBM,https://www.youtube.com/user/IBM
Burger King,https://www.youtube.com/user/burgerking
Netflix,https://www.youtube.com/user/Netflix
BMW,https://www.youtube.com/user/BMW
American Express,https://www.youtube.com/user/AmericanExpress
Honda,https://www.youtube.com/user/Honda
L'Oréal,https://www.youtube.com/user/lorealparisnyc
